{
  "scripts": {
    "autoeval": [
      {
        "$setq": {
          "iaf_ScriptSettings": {
            "dateFormat": "MM/DD/YYYY"
          }
        }
      }
    ]
  },

  "handlers": {
    "assets": {
      "type": "entity",
      "config": {
        "Properties": {
          "isDefault": true,
          "validate": "isValidAsset",
          "schema": "getAssetSchema"
        },
        "Documents": {
          "validate": "isValidDoc",
          "schema": "getDocSchema",
          "allowAll": false
        },
        "Installation Info": {
          "validate": "isValidInstallInfo",
          "schema": "getInstallInfoSchema",
          "allowAll": false
        }
      },
      "script_types": ["iaf_entass_allusers"]
    },
    "spaces": {
      "type": "entity",
      "config": {
        "Properties": {
          "isDefault": true,
          "validate": "isValidSpace",
          "schema": "getSpaceSchema"
        }
      },
      "script_types": ["iaf_entspa_allusers"]
    },

    "typemap": {
      "type": "projectInfo",
      "script_types": ["iaf_dt_type_map"]
    }
  },
  "endpoints": {
    "assets": {
      "handler": "assets",
      "paths": [
        {
          "path": "/assets",
          "method": "GET",
          "script": {
            "_userType": "iaf_obj_model_api",
            "_scriptName": "getAssets"
          }
        },
        {
          "path": "/assets",
          "method": "POST",
          "script": {
            "_userType": "iaf_obj_model_api",
            "_scriptName": "addAssets"
          }
        },
        {
          "path": "/assets/:assetid",
          "method": "PUT",
          "script": {
            "_userType": "iaf_obj_model_api",
            "_scriptName": "editAssets"
          }
        },
        {
          "path": "/assets/:assetid",
          "method": "DELETE",
          "script": {
            "_userType": "iaf_obj_model_api",
            "_scriptName": "delAssets"
          }
        },
        {
          "path": "/assets/search",
          "method": "POST",
          "script": {
            "_userType": "iaf_obj_model_api",
            "_scriptName": "searchAssets"
          }
        },
        {
          "path": "/assets/:assetid",
          "method": "GET",
          "script": {
            "_userType": "iaf_obj_model_api",
            "_scriptName": "extractAssetById"
          }
        },
        {
          "path": "/assets/:assetid/documents",
          "method": "GET",
          "script": {
            "_userType": "iaf_obj_model_api",
            "_scriptName": "getDocumentsForAsset"
          }
        },
        {
          "path": "/assets/extended/:assetid",
          "method": "POST",
          "script": {
            "_userType": "iaf_obj_model_api",
            "_scriptName": "getAssetExtendedData"
          }
        }
      ]
    },
    "documents": {
      "handler": "documents",
      "paths": [
        {
          "path": "/documents",
          "method": "GET",
          "script": {
            "_userType": "iaf_obj_model_api",
            "_scriptName": "getDocuments"
          }
        },
        {
          "path": "/documents/:documentid",
          "method": "DELETE",
          "script": {
            "_userType": "iaf_obj_model_api",
            "_scriptName": "deleteDocument"
          }
        }
      ]
    },
    "spaces": {
      "handler": "spaces",
      "paths": [
        {
          "path": "/spaces",
          "method": "GET",
          "script": {
            "_userType": "iaf_obj_model_api",
            "_scriptName": "getSpaces"
          }
        },
        {
          "path": "/spaces/:spaceid",
          "method": "DELETE",
          "script": {
            "_userType": "iaf_obj_model_api",
            "_scriptName": "deleteSpace"
          }
        },
        {
          "path": "/spaces/:spaceid/documents",
          "method": "GET",
          "script": {
            "_userType": "iaf_obj_model_api",
            "_scriptName": "getDocumentsForSpace"
          }
        }
      ]
    },
    "model": {
      "handler": "model",
      "paths": [
        {
          "path": "/model",
          "method": "GET",
          "script": {
            "_userType": "iaf_obj_model_api",
            "_scriptName": "getModelElements"
          }
        },
        {
          "path": "/model",
          "method": "OPTIONS",
          "script": {
            "_userType": "iaf_obj_model_api",
            "_scriptName": "getModelElements"
          }
        }
      ]
    }
  },
  "schema_version": "2",
  "settings": {
    "apiConfig": true,
    "allowAll": false
  }
}
